ID,Win,Side,Rank,Top_Current_Champ,Top_games_on_role,Top_games_on_champ,Jg_Current_Champ,Jg_games_on_role,Jg_games_on_champ,Mid_Current_Champ,Mid_games_on_role,Mid_games_on_champ,Bot_Current_Champ,Bot_games_on_role,Bot_games_on_champ,Sup_Current_Champ,Sup_games_on_role,Sup_games_on_champ,Top_Enemy_Champ,Jg_Enemy_Champ,Mid_Enemy_Champ,Bot_Enemy_Champ,Sup_Enemy_Champ,Top_First_Bloods,Top_Double_Kills,Top_Triple_Kills,Top_Quadra_Kills,Top_Penta_Kills,Top_CS_5,Top_Kills_5,Top_Deaths_5,Top_Assists_5,Top_CS_10,Top_Kills_10,Top_Deaths_10,Top_Assists_10,Top_CS_15,Top_Kills_15,Top_Deaths_15,Top_Assists_15,Top_KDA,Top_Kills,Top_Deaths,Top_Assists,Top_CS,Top_Damage_Dealt,Top_Damage_Taken,Top_Gold_Earned,Top_Turret_Damage,Top_Turret_Kills,Top_Turrt_Takedowns,Top_VisionW_Bought,Top_VisionW_Placed,Top_Wards_Placed,Top_Wards_Killed,Top_CC_Score,Jg_First_Bloods,Jg_Double_Kills,Jg_Triple_Kills,Jg_Quadra_Kills,Jg_Penta_Kills,Jg_CS_5,Jg_Kills_5,Jg_Deaths_5,Jg_Assists_5,Jg_CS_10,Jg_Kills_10,Jg_Deaths_10,Jg_Assists_10,Jg_CS_15,Jg_Kills_15,Jg_Deaths_15,Jg_Assists_15,Jg_KDA,Jg_Kills,Jg_Deaths,Jg_Assists,Jg_CS,Jg_Damage_Dealt,Jg_Damage_Taken,Jg_Gold_Earned,Jg_Turret_Damage,Jg_Turret_Kills,Jg_Turrt_Takedowns,Jg_VisionW_Bought,Jg_VisionW_Placed,Jg_Wards_Placed,Jg_Wards_Killed,Jg_CC_Score,Mid_First_Bloods,Mid_Double_Kills,Mid_Triple_Kills,Mid_Quadra_Kills,Mid_Penta_Kills,Mid_CS_5,Mid_Kills_5,Mid_Deaths_5,Mid_Assists_5,Mid_CS_10,Mid_Kills_10,Mid_Deaths_10,Mid_Assists_10,Mid_CS_15,Mid_Kills_15,Mid_Deaths_15,Mid_Assists_15,Mid_KDA,Mid_Kills,Mid_Deaths,Mid_Assists,Mid_CS,Mid_Damage_Dealt,Mid_Damage_Taken,Mid_Gold_Earned,Mid_Turret_Damage,Mid_Turret_Kills,Mid_Turrt_Takedowns,Mid_VisionW_Bought,Mid_VisionW_Placed,Mid_Wards_Placed,Mid_Wards_Killed,Mid_CC_Score,Bot_First_Bloods,Bot_Double_Kills,Bot_Triple_Kills,Bot_Quadra_Kills,Bot_Penta_Kills,Bot_CS_5,Bot_Kills_5,Bot_Deaths_5,Bot_Assists_5,Bot_CS_10,Bot_Kills_10,Bot_Deaths_10,Bot_Assists_10,Bot_CS_15,Bot_Kills_15,Bot_Deaths_15,Bot_Assists_15,Bot_KDA,Bot_Kills,Bot_Deaths,Bot_Assists,Bot_CS,Bot_Damage_Dealt,Bot_Damage_Taken,Bot_Gold_Earned,Bot_Turret_Damage,Bot_Turret_Kills,Bot_Turrt_Takedowns,Bot_VisionW_Bought,Bot_VisionW_Placed,Bot_Wards_Placed,Bot_Wards_Killed,Bot_CC_Score,Sup_First_Bloods,Sup_Double_Kills,Sup_Triple_Kills,Sup_Quadra_Kills,Sup_Penta_Kills,Sup_CS_5,Sup_Kills_5,Sup_Deaths_5,Sup_Assists_5,Sup_CS_10,Sup_Kills_10,Sup_Deaths_10,Sup_Assists_10,Sup_CS_15,Sup_Kills_15,Sup_Deaths_15,Sup_Assists_15,Sup_KDA,Sup_Kills,Sup_Deaths,Sup_Assists,Sup_CS,Sup_Damage_Dealt,Sup_Damage_Taken,Sup_Gold_Earned,Sup_Turret_Damage,Sup_Turret_Kills,Sup_Turrt_Takedowns,Sup_VisionW_Bought,Sup_VisionW_Placed,Sup_Wards_Placed,Sup_Wards_Killed,Sup_CC_Score
4272358677,False,Red,Gold,Gragas,6,0,Vi,17,10,Vladimir,0,0,Draven,20,15,Pyke,19,5,Teemo,Poppy,Morgana,Jhin,Renata Glasc,0,8,0,0,0,16.25,0.25,0.15,0.25,39.8,0.95,1.15,0.85,1.5,2.6,1.8,64.0,2.0802473914973914,3.65,6.55,7.7,130.0,14193.6,21993.5,10168.1,2925.8,1.1,1.85,0.3,0.25,12.15,1.75,19.05,0,11,1,0,0,20.9,0.3,0.4,0.4,43.1,1.25,1.35,0.95,2.9,2.45,2.4,58.3,2.3159518259518257,7.2,7.6,7.05,126.35,16766.75,26131.95,11596.0,1187.5,1.05,1.8,3.8,3.2,6.5,3.35,20.9,1,17,1,0,0,21.25,0.4,0.75,0.5,52.35,1.15,1.75,1.15,2.0,3.0,1.75,84.35,2.052914862914863,7.1,7.4,7.3,191.3,22446.3,27976.35,12900.05,2184.2,0.8,1.4,0.6,0.6,11.15,3.05,14.35,1,19,3,0,0,26.65,0.2,0.85,0.35,62.95,1.05,2.25,1.05,2.45,3.9,1.75,97.75,2.087438256188256,6.85,8.6,6.45,193.6,21023.9,20242.2,12650.65,3746.7,1.2,2.35,0.05,0.05,7.6,2.15,12.7,0,4,0,0,0,5.15,0.2,0.25,0.65,11.0,0.7,0.75,1.7,1.45,1.6,3.25,19.5,4.698690476190476,3.15,4.85,11.9,38.3,11145.4,15152.8,9566.55,1118.75,0.35,1.8,2.4,2.15,25.15,6.8,28.85
4272324079,True,Red,Gold,Teemo,19,4,Lee Sin,0,6,Viktor,17,14,Miss Fortune,0,0,Thresh,12,1,Fiora,Kayn,Ahri,Ezreal,Lux,3,16,3,0,0,23.05,0.5,0.75,0.1,54.4,1.3,2.15,0.35,2.15,3.15,0.65,86.25,1.8707900432900435,6.05,8.15,7.0,171.2,21133.35,29675.9,12017.45,4584.75,1.55,2.6,1.5,1.2,8.05,2.15,26.85,1,2,1,0,0,24.85,0.45,0.4,0.25,65.3,0.9,1.15,0.4,1.5,2.1,1.1,101.9,1.8423015873015873,4.95,6.55,5.95,184.95,16245.5,29559.4,11653.7,3692.75,1.35,2.2,1.7,1.35,9.65,1.6,23.95,3,20,2,0,0,30.15,0.15,0.3,0.05,67.6,0.85,1.25,0.7,2.3,2.25,1.75,101.9,5.409731518481519,7.6,5.2,8.6,184.6,25326.0,20920.95,12531.9,2789.9,0.95,2.0,2.1,1.95,11.0,2.5,26.85,1,8,0,0,0,28.3,0.25,0.25,0.45,69.4,1.15,0.8,1.05,1.8,1.75,1.7,108.85,2.8817261904761904,5.85,5.25,6.1,179.8,15663.8,16067.05,10754.7,2179.05,0.95,1.65,2.35,2.0,7.85,2.0,22.1,2,10,1,1,0,12.1,0.2,0.55,0.8,32.5,1.05,1.4,2.7,2.2,2.55,4.45,50.1,2.7834258796758795,5.0,7.55,13.7,100.1,16760.25,21929.55,10982.45,2725.75,0.85,2.15,7.25,6.3,21.25,7.0,25.7
4272099639,True,Red,Gold,Teemo,17,13,Poppy,8,8,Sylas,14,2,Kai'Sa,19,11,Nautilus,6,2,Dr. Mundo,Vi,Yasuo,Ashe,Renata Glasc,2,5,1,0,0,21.4,0.45,0.5,0.35,59.5,1.45,1.35,0.8,2.25,2.3,1.35,94.1,2.226785714285714,5.85,6.25,6.9,197.35,26688.15,22192.6,12829.6,4047.0,1.4,2.35,1.4,1.3,8.9,4.5,37.35,0,2,0,0,0,15.35,0.1,0.25,0.1,35.0,0.55,0.9,0.75,1.1,1.6,1.8,53.9,3.957261904761905,3.65,5.05,9.6,125.3,14786.85,18772.15,10669.85,2348.7,1.05,2.2,2.05,1.55,12.95,4.2,29.3,4,27,6,0,0,25.6,0.8,0.4,0.05,66.5,1.8,1.4,0.25,3.5,2.95,1.15,101.15,3.2910714285714278,8.75,7.6,6.15,190.95,23231.45,26003.8,12722.25,3187.3,0.7,2.05,0.05,0.0,4.5,1.25,15.9,4,16,2,1,0,23.9,0.5,0.3,0.55,58.9,1.55,0.95,1.15,2.85,1.95,2.1,90.75,2.7602777777777776,7.65,6.45,7.3,199.4,23225.05,21685.5,13272.15,4560.6,1.4,2.6,1.9,1.85,10.65,3.75,8.05,3,27,4,0,0,21.2,0.65,0.5,0.7,51.55,2.15,1.45,1.75,3.95,2.95,2.95,75.25,2.848082611832612,8.25,6.75,9.2,130.85,17430.9,19298.5,11730.15,2821.05,1.2,2.3,2.75,2.2,8.3,3.25,21.3
4272105776,True,Red,Gold,Sett,20,2,Vi,20,9,Vex,17,2,Ezreal,18,9,Yuumi,20,4,Vayne,Lillia,Yone,Heimerdinger,Senna,2,7,0,0,0,24.05,0.5,0.75,0.1,60.4,1.05,1.55,0.3,2.0,2.55,1.05,94.75,3.3419444444444446,5.3,6.35,6.5,181.75,19033.0,33578.3,11901.2,6300.9,2.0,2.95,2.2,2.0,8.6,1.35,25.1,1,10,1,0,0,21.55,0.75,0.35,0.2,48.2,1.9,1.2,0.95,3.15,2.35,2.25,69.4,3.006978715728715,6.55,6.4,7.05,129.8,14259.1,26728.95,10829.2,600.55,0.6,0.9,1.25,1.2,4.45,3.0,26.15,1,24,4,0,0,26.6,0.5,0.25,0.2,63.05,1.7,1.15,1.2,3.25,2.35,2.15,97.75,3.547228327228327,8.9,6.85,9.7,188.85,29529.0,29616.85,13090.75,3606.4,1.45,2.6,0.45,0.4,6.35,1.05,33.4,3,23,2,0,0,28.55,0.5,0.3,0.4,66.7,2.0,1.6,1.85,3.5,2.75,2.7,107.25,2.403571567321568,8.35,8.0,6.15,181.75,22618.7,21110.4,12094.15,3748.85,1.3,2.0,0.0,0.0,7.85,2.95,9.8,1,5,1,0,0,1.6,0.2,0.25,0.55,4.55,0.8,1.2,2.25,1.4,2.15,4.15,9.55,3.823452380952381,2.8,5.05,14.75,29.75,9986.1,13738.55,8521.15,1483.3,0.45,2.5,2.95,2.7,24.0,6.85,27.85
4272072504,False,Red,Gold,Jax,14,6,Master Yi,1,0,Ekko,18,2,Ashe,16,0,Sona,12,8,Dr. Mundo,Zac,Lux,Kai'Sa,Nami,1,11,2,0,0,24.3,0.35,0.4,0.2,51.9,1.0,1.25,0.45,1.6,2.0,0.95,84.1,1.812237484737485,4.95,6.15,5.45,154.9,14612.5,23976.1,10481.7,3151.85,1.1,1.65,1.5,1.2,8.35,1.55,31.8,1,29,9,3,0,27.3,0.25,0.2,0.35,66.6,1.65,0.8,1.15,2.65,1.7,1.9,99.7,3.5234126984126988,7.75,4.75,5.45,173.6,19803.4,19105.75,11262.05,3206.35,1.2,1.85,0.0,0.0,6.15,1.6,8.5,0,19,3,0,0,27.35,0.3,0.5,0.45,64.0,1.25,1.95,0.8,2.15,2.95,1.55,100.0,3.1208062770562774,8.15,7.3,7.35,174.3,22179.3,22680.7,12369.95,1966.75,0.7,1.5,4.35,3.75,10.5,1.85,25.45,3,15,1,0,0,22.85,0.55,0.75,0.3,56.15,1.9,1.6,1.2,3.3,3.05,1.95,85.2,2.120575396825397,7.0,7.05,7.25,157.05,18138.75,21542.45,11240.05,2273.55,0.8,1.55,2.55,2.2,6.5,1.75,12.0,2,7,0,0,0,9.9,0.45,0.4,0.6,26.7,1.1,1.4,1.55,1.6,2.75,3.15,43.95,3.4332330827067663,3.45,6.25,11.5,93.6,13344.85,16523.4,9545.4,1513.2,0.45,1.6,3.9,4.1,22.95,5.05,18.6
4272048696,True,Red,Gold,Gangplank,5,6,Jarvan IV,20,1,Fizz,12,1,Twitch,16,10,Morgana,20,6,Quinn,Shaco,Ekko,Zeri,Senna,1,6,2,0,0,6.55,0.3,0.55,0.15,18.45,0.45,1.1,0.35,1.05,1.65,0.75,32.0,0.545857892107892,3.5,4.2,2.0,71.5,10536.35,11356.05,5733.1,1352.55,0.5,0.7,0.15,0.15,3.05,0.75,3.45,3,12,0,0,0,24.75,0.75,0.25,0.15,48.4,2.2,0.9,1.1,3.55,1.4,2.1,69.55,3.6293452380952376,8.05,5.15,7.25,157.8,15926.85,23463.5,12527.0,1619.65,0.75,1.0,3.6,3.25,4.2,4.8,21.25,0,20,3,0,0,28.1,0.5,0.55,0.35,64.85,1.7,1.4,0.65,3.15,2.95,1.85,95.5,2.2683714406508524,9.85,8.7,8.1,185.95,25514.15,30200.15,13700.7,1864.3,0.8,1.75,0.05,0.05,6.5,1.8,41.2,5,20,6,1,1,20.7,0.9,0.45,0.7,49.3,1.55,1.25,1.8,2.7,2.4,3.05,79.2,3.7146719946719946,8.05,6.35,8.85,164.4,19510.65,19649.35,12735.85,3867.75,1.45,2.3,1.55,1.45,9.65,2.9,16.1,2,2,0,0,0,1.85,0.2,0.35,0.45,6.85,0.5,1.15,2.1,1.05,2.25,3.8,14.45,3.896753246753247,2.6,6.0,13.45,46.4,13136.1,16571.7,9168.15,1455.35,0.6,2.35,0.45,0.4,24.7,6.9,37.0
4271138032,True,Blue,Gold,Vayne,18,5,Nocturne,7,0,Zed,19,13,Xayah,19,1,Zyra,18,4,Camille,Kayle,Lux,Jhin,Yuumi,3,13,3,0,0,22.95,0.45,0.55,0.2,53.9,1.35,1.75,0.4,2.0,2.7,0.85,84.45,1.7413455988455986,5.55,7.5,6.9,168.05,20881.65,27113.3,11534.0,4343.35,1.25,2.25,1.5,1.2,7.45,2.5,30.2,2,10,4,0,0,24.15,0.45,0.25,0.2,57.05,1.5,1.05,0.55,2.45,2.3,1.75,84.65,2.2406623931623932,7.65,7.5,5.85,171.4,20335.85,26492.75,12425.35,1916.95,0.6,1.15,0.85,0.85,7.2,4.35,15.1,2,17,1,1,0,24.15,0.35,0.3,0.1,64.8,1.1,1.05,0.35,2.15,1.95,0.85,99.65,3.105135836385837,7.05,4.85,4.95,209.8,20549.25,18060.6,12130.65,2323.1,0.95,1.4,3.1,2.7,7.15,4.0,11.5,4,16,2,0,0,25.25,0.95,0.45,0.3,64.25,1.9,1.15,1.15,3.1,2.1,1.9,97.35,2.7248183760683764,6.2,5.65,6.15,159.5,15236.1,16868.85,10919.5,2837.7,0.65,1.2,0.95,0.65,7.25,1.7,8.75,1,3,0,0,0,4.2,0.45,0.8,0.45,10.75,0.8,2.05,1.45,1.25,3.45,3.3,20.45,1.8301695526695525,2.75,8.15,10.95,47.45,14207.4,15257.45,8542.0,671.4,0.1,1.35,8.15,7.65,30.0,8.5,35.8
4270905250,False,Red,Gold,Jax,10,0,Vi,20,2,Lissandra,9,10,Ezreal,0,0,Sylas,19,20,Vayne,Shaco,Ahri,Jinx,Maokai,2,12,0,0,0,24.15,0.25,0.75,0.25,60.85,0.8,1.8,0.8,1.8,2.9,1.4,91.3,2.4737606837606836,5.95,6.85,5.65,178.35,20924.1,26865.6,11592.85,4178.95,1.6,2.75,0.75,0.6,6.6,2.7,19.9,2,4,0,0,0,23.5,0.25,0.25,0.35,48.55,0.65,1.0,0.95,1.45,2.15,2.4,67.7,2.976659451659452,4.35,6.05,8.85,143.6,13620.0,29344.85,10469.65,867.45,0.75,1.65,1.7,1.1,2.3,3.6,22.75,4,10,2,2,0,26.55,0.5,0.8,0.45,58.1,1.3,2.1,1.25,2.7,3.2,2.95,87.0,3.2402074314574323,7.0,6.95,9.1,159.35,19313.1,22626.55,11426.9,3161.95,1.35,2.4,0.5,0.45,9.25,2.6,44.6,1,3,0,0,0,8.85,0.75,0.55,0.65,20.2,1.4,1.45,2.1,2.15,2.45,3.85,30.3,3.7102797202797206,3.95,6.45,11.6,55.0,11077.55,24761.65,8700.8,1005.25,0.25,1.5,2.7,2.3,15.35,6.35,35.9,6,25,0,0,0,6.9,0.85,0.85,0.7,17.45,2.35,2.3,1.95,4.15,3.6,4.25,29.8,2.73643028024607,9.75,9.15,9.6,70.85,23723.6,34564.0,11734.25,2320.15,0.6,2.05,2.1,2.1,25.7,4.05,29.35
4272682830,False,Blue,Gold,Riven,16,12,Darius,0,2,Galio,2,1,Kalista,17,2,Renata Glasc,20,3,Shen,Kayn,Malzahar,Caitlyn,Thresh,6,8,1,0,0,21.95,0.6,0.6,0.55,59.25,1.6,1.15,1.15,2.45,2.15,1.85,92.65,2.6496103896103897,5.25,6.1,6.7,162.6,14589.0,21889.6,11095.2,2883.4,0.85,1.55,0.15,0.15,5.1,1.85,22.3,1,10,4,0,0,20.35,0.2,0.6,0.6,51.95,1.0,1.6,1.25,1.7,2.55,2.55,83.45,3.0832246919746917,5.1,6.25,7.45,150.95,16707.25,23917.55,10947.7,4606.25,1.7,2.4,2.45,2.3,11.9,3.1,19.25,3,13,5,1,0,24.25,0.4,0.65,0.1,60.45,1.35,1.75,0.6,2.25,3.0,0.8,98.45,2.2065656565656564,7.25,8.1,5.95,206.75,29098.65,35184.3,13730.6,7321.4,2.75,3.4,0.75,0.75,8.2,2.05,17.7,0,18,6,0,0,22.35,0.8,0.45,0.3,54.05,1.9,1.35,1.15,3.2,2.4,2.25,85.45,2.74501443001443,7.9,6.85,7.9,154.2,19091.35,18875.7,11784.0,3361.3,0.9,1.6,1.85,1.75,8.7,3.3,9.65,1,1,0,0,0,2.7,0.15,0.1,0.7,6.8,0.55,0.9,2.45,1.2,1.65,4.45,12.8,3.666626984126984,2.55,5.8,13.5,27.8,10500.6,15256.35,8455.45,668.7,0.3,1.3,4.9,4.4,23.55,4.4,33.75
4272341969,True,Blue,Gold,Garen,15,4,Ivern,5,4,Viktor,4,1,Ezreal,11,0,Rell,2,0,Urgot,Shaco,Lux,Samira,Leona,1,15,2,0,0,23.55,0.55,0.4,0.35,63.7,1.9,1.0,0.6,3.0,2.0,1.2,100.75,3.7575180375180373,7.35,5.45,4.55,217.3,20688.0,30265.8,13186.65,5102.35,1.8,2.45,0.65,0.55,7.25,2.4,18.9,1,4,0,0,0,13.05,0.2,0.4,0.3,29.3,0.8,1.25,1.3,1.55,2.2,2.65,45.2,2.751186868686869,2.35,5.4,8.9,81.9,9035.05,17584.75,8311.05,702.45,0.4,1.1,3.6,3.0,17.0,3.05,29.55,5,10,0,0,0,23.0,0.6,0.55,0.15,62.15,1.25,1.5,0.25,2.15,2.5,0.85,98.75,2.8872979797979794,6.8,6.75,7.2,193.7,21751.8,29564.25,12329.0,3559.0,1.15,2.15,1.25,1.0,7.5,1.35,22.95,3,14,1,0,0,16.3,0.35,0.3,0.85,39.05,1.05,1.25,2.0,1.9,2.7,3.7,59.35,3.1138095238095236,4.5,5.8,9.6,102.15,13409.85,17019.4,9333.95,2088.6,0.85,2.2,3.15,2.6,12.3,4.4,25.55,1,9,2,1,1,24.3,0.45,0.25,0.5,59.8,1.1,0.85,1.1,2.25,1.7,1.9,92.25,3.6184523809523803,6.05,4.05,7.2,187.75,17147.95,15840.55,11953.45,1646.5,0.55,1.35,2.35,2.0,10.7,3.55,18.5
4272247108,True,Red,Gold,Garen,20,19,Lee Sin,2,2,Akali,19,15,Yasuo,11,0,Twitch,14,14,Darius,Master Yi,Annie,Sivir,Brand,3,9,0,0,0,22.25,0.45,0.3,0.2,61.75,1.3,0.75,0.55,2.2,1.15,0.65,101.55,3.6455952380952383,7.25,3.95,3.8,212.75,16514.95,23164.8,13247.75,6870.0,2.4,3.25,1.45,1.2,8.25,2.45,26.25,1,5,0,0,0,11.6,0.25,0.35,0.3,26.75,0.65,1.05,0.6,0.95,2.1,1.15,39.55,0.968611111111111,3.25,4.45,4.2,84.1,8581.95,15105.85,6290.4,1002.55,0.35,0.6,1.65,1.45,6.45,1.9,9.3,1,11,3,0,0,24.35,0.35,0.15,0.2,58.1,1.1,0.75,0.9,2.8,1.55,1.4,88.4,3.1942857142857144,6.75,4.4,5.05,132.7,16584.0,18166.6,10100.55,1640.9,0.25,1.15,0.75,0.7,5.75,1.85,2.85,2,14,1,0,0,22.45,0.4,0.4,0.65,54.9,1.35,1.25,1.55,2.35,2.35,3.25,82.1,3.5397420634920636,6.25,5.75,8.95,154.55,15226.55,24044.85,11488.15,3331.65,1.6,2.7,3.05,2.6,8.0,4.1,16.85,0,16,1,0,0,9.9,0.35,0.25,0.1,25.65,1.9,1.45,1.25,3.45,2.6,2.25,42.7,2.455,7.7,6.45,5.9,93.95,17346.35,17200.6,10958.05,2613.05,0.95,1.75,1.25,1.1,14.7,5.5,11.65
4272281188,False,Red,Gold,Ornn,7,0,Rengar,6,5,Vex,0,1,Jinx,20,18,Nautilus,1,0,Yone,Viego,Gangplank,Jhin,Alistar,0,7,0,0,0,16.2,0.25,0.15,0.35,42.4,1.0,1.05,0.95,1.7,2.5,1.9,67.6,2.253324314574315,3.9,5.9,8.0,134.0,13807.15,21065.2,10374.55,3668.7,1.4,2.05,0.3,0.25,10.65,1.65,18.55,5,25,4,1,0,25.9,0.9,1.2,0.35,65.3,2.0,2.15,0.8,3.6,3.1,1.4,103.65,2.5059289321789326,8.95,7.0,4.55,225.05,20602.7,29560.95,13944.25,4149.25,1.5,2.25,0.0,0.0,5.9,1.7,18.5,1,2,0,0,0,9.35,0.2,0.3,0.3,20.65,0.5,1.1,1.45,0.9,2.25,3.45,32.6,2.414940476190476,2.7,7.5,12.55,72.45,12476.35,21662.95,9350.4,1690.5,0.65,1.6,0.6,0.5,16.8,3.55,54.65,2,21,1,0,0,25.65,0.65,0.3,0.35,64.0,1.35,0.75,0.9,2.4,1.35,1.8,99.45,6.27625,7.35,4.8,8.55,203.75,21554.2,17856.35,13174.5,4706.45,1.75,2.8,1.35,1.35,8.2,4.15,16.15,1,28,6,0,0,24.25,0.55,0.45,0.15,57.6,1.55,1.3,0.45,3.1,2.4,1.05,91.55,3.6211904761904767,10.25,5.8,4.4,193.7,22928.55,25537.55,13735.9,2639.1,1.3,1.75,0.0,0.0,5.95,1.8,18.4
4271304429,False,Red,Gold,Camille,17,10,Vi,3,0,Irelia,3,1,Vayne,13,12,Lulu,16,2,Aatrox,Ekko,Gragas,Miss Fortune,Lux,2,16,3,0,0,22.7,0.6,0.45,0.4,59.45,1.7,1.5,0.75,2.6,2.5,1.15,93.0,2.225589826839827,7.5,7.25,4.65,168.6,21299.15,30956.65,12410.25,5417.2,2.05,2.6,0.55,0.55,8.35,1.55,17.9,4,5,0,0,0,23.3,0.5,0.35,0.15,56.3,1.3,1.4,0.65,2.35,2.25,1.05,92.7,2.085517399267399,7.65,6.95,4.85,204.7,20891.55,28612.95,13918.6,7175.7,2.9,3.5,2.9,2.75,9.4,2.35,29.55,1,16,5,1,1,15.8,0.55,0.55,0.7,35.6,1.3,1.55,1.65,2.8,2.85,3.0,52.8,2.4858658008658012,7.1,6.95,8.65,102.25,15695.0,20801.55,10613.3,1259.45,0.3,1.1,2.6,2.3,10.55,4.95,17.95,1,14,4,1,1,21.4,0.75,0.6,0.55,53.45,1.75,1.65,1.4,3.5,3.0,2.35,81.4,2.5537058774558776,7.7,7.3,5.65,160.75,18166.6,21349.75,11507.05,4211.4,1.55,2.4,2.6,1.95,8.85,2.45,10.7,1,2,0,0,0,7.2,0.2,0.2,0.8,17.75,0.65,0.8,2.6,1.1,1.75,4.85,28.5,7.38047619047619,2.2,4.25,14.65,51.0,8384.35,14791.35,8449.0,1540.0,0.9,2.3,7.85,6.8,22.15,4.35,32.7
4271296059,True,Red,Gold,Sion,6,0,Trundle,12,0,Ahri,11,6,Ezreal,1,1,Karma,1,0,Skarner,Sejuani,Orianna,Jinx,Leona,0,8,0,0,0,16.3,0.25,0.25,0.35,42.3,0.95,1.2,0.9,1.8,2.8,1.95,65.5,2.209574314574315,4.25,6.3,8.3,137.3,15088.15,20536.0,10650.0,3016.85,1.1,1.7,0.3,0.25,10.95,1.75,17.8,3,12,1,0,0,17.7,0.7,0.45,0.7,42.0,1.8,1.15,2.15,3.75,2.3,3.7,64.05,3.554067460317461,7.8,6.55,11.2,147.25,19085.55,31473.25,12314.75,1379.35,0.5,1.25,0.5,0.35,10.35,2.4,29.25,2,20,2,0,0,29.45,0.45,0.1,0.5,66.75,1.45,0.55,1.1,2.6,1.6,1.7,99.4,5.12452380952381,8.85,4.25,8.35,183.25,22501.05,19588.65,12945.15,3868.55,1.25,2.4,0.2,0.2,9.15,2.1,15.05,1,11,3,0,0,14.2,0.6,0.6,0.75,30.35,1.45,1.8,1.9,3.1,2.8,3.65,47.65,2.60785076035076,7.25,7.4,9.7,113.0,18858.9,24788.7,11601.9,995.1,0.65,1.45,2.7,2.25,15.0,3.5,15.95,3,1,0,0,0,18.5,0.45,0.6,0.35,49.85,1.15,1.15,0.95,1.6,1.8,1.95,82.7,3.4733333333333336,3.25,5.2,10.85,140.8,15054.45,25970.15,9852.35,3157.6,1.25,2.3,1.1,1.1,11.5,1.4,38.2
4271240301,False,Blue,Gold,Sion,10,1,Nidalee,2,0,Ahri,18,7,Jinx,9,4,Lulu,3,0,Maokai,Graves,Morgana,Twitch,Zyra,4,6,1,0,0,20.9,0.5,0.45,0.15,52.05,0.85,1.6,0.4,1.4,2.85,1.1,84.85,2.2277904040404044,4.35,6.05,5.2,162.55,16080.45,20075.9,10622.6,3715.9,1.05,2.45,1.25,1.25,9.55,2.2,18.15,0,5,0,0,0,16.35,0.25,0.25,0.3,42.45,0.9,1.3,0.85,1.65,2.9,1.9,66.9,2.0845743145743145,3.8,6.55,8.5,138.9,14665.65,19915.9,10472.25,3070.0,1.1,1.7,0.3,0.25,11.2,1.75,18.05,1,5,0,0,0,24.9,0.5,0.35,0.15,57.55,1.3,0.85,0.7,2.3,1.6,1.8,89.85,3.73095238095238,6.2,5.0,7.8,161.75,20250.2,18943.85,10988.05,2012.8,0.5,1.95,4.65,4.25,12.9,1.95,26.95,0,15,2,1,0,26.9,0.3,0.6,0.3,63.2,1.15,1.9,0.5,2.15,2.85,1.4,97.5,2.6791312853812856,7.15,7.85,6.3,182.45,20819.65,20679.0,12114.5,3316.05,1.25,1.9,1.85,1.45,7.05,2.05,6.35,3,12,1,0,0,17.85,0.7,0.45,0.7,42.2,1.8,1.15,2.0,3.75,2.2,3.4,64.2,3.496924603174604,7.9,6.35,10.5,147.3,19423.1,31176.8,12226.05,1379.35,0.5,1.25,0.45,0.3,10.05,2.35,28.8
4273099671,False,Red,Gold,Darius,7,1,Ivern,20,20,Neeko,2,0,Vayne,16,7,Brand,15,1,Mordekaiser,Vi,Talon,Miss Fortune,Karma,2,16,3,0,0,23.35,0.4,0.4,0.4,56.15,1.45,1.4,1.1,2.95,2.75,1.7,84.2,2.3046536796536796,8.0,6.8,6.15,183.6,24083.65,28606.7,13163.5,5661.4,2.05,2.95,1.6,1.4,9.9,2.05,21.8,1,6,0,0,0,26.95,0.45,0.2,0.75,51.55,0.7,1.15,2.2,1.55,2.2,3.9,76.35,4.897775974025974,2.8,4.9,13.85,126.9,8948.05,13462.7,9417.9,1382.1,0.8,2.05,0.0,0.0,7.35,0.95,37.95,2,6,0,0,0,6.3,0.25,0.65,0.65,16.3,0.5,1.65,1.9,0.95,3.2,3.35,27.45,2.444312770562771,3.9,7.35,11.6,63.75,13371.65,20220.95,9214.5,988.9,0.35,1.45,1.25,1.25,14.75,3.65,38.05,3,22,5,0,0,27.95,0.65,0.35,0.25,66.95,1.65,1.0,1.05,2.85,2.4,1.8,97.6,3.481456043956044,8.9,6.5,7.9,181.35,23652.3,19683.6,12727.55,3407.85,1.1,1.85,1.3,1.1,6.0,2.1,14.5,1,6,0,0,0,7.85,0.25,0.6,0.75,20.0,0.95,1.3,1.95,1.65,2.65,4.0,31.75,3.7608821733821727,4.65,6.8,16.2,85.6,18852.3,18295.05,11343.55,1528.6,0.25,2.65,2.5,2.3,20.0,6.3,42.25
4273084634,True,Blue,Gold,Darius,20,0,Graves,7,6,Malzahar,1,1,Twitch,15,2,Yuumi,19,10,Fiora,Kayn,Ziggs,Tristana,Pyke,1,9,0,0,0,24.1,0.25,0.15,0.2,64.3,1.15,0.7,0.3,2.2,1.45,0.55,102.3,3.057619047619048,6.9,4.6,3.9,194.25,17536.0,26124.0,12316.3,4402.95,1.9,2.6,1.4,1.3,8.15,1.7,25.35,1,12,1,0,0,24.85,0.4,0.5,0.3,61.75,0.75,1.2,1.2,2.2,2.3,2.15,96.1,3.311911976911977,6.8,6.4,7.05,206.7,16671.15,22680.7,12895.75,2942.8,1.05,1.9,2.7,2.3,8.55,4.9,14.4,2,6,0,0,0,5.05,0.25,0.65,0.7,13.15,0.5,1.7,2.1,0.95,3.25,3.75,22.5,2.6628841991342,3.8,7.25,12.55,54.85,13212.25,19686.0,9075.45,1058.7,0.35,1.7,1.25,1.25,14.8,3.75,38.65,3,21,5,0,0,27.5,0.7,0.35,0.25,66.0,1.7,1.0,1.0,2.9,2.35,1.75,97.45,3.459432234432234,8.6,6.4,7.8,180.05,22951.1,19538.05,12521.35,3532.9,1.1,1.85,1.25,1.05,6.2,1.9,14.25,1,1,0,0,0,1.75,0.35,0.4,0.7,5.2,0.6,1.1,2.05,0.8,2.0,4.4,8.4,5.74689393939394,1.85,5.35,18.5,21.25,9871.65,14701.75,9289.7,998.55,0.3,2.65,4.3,3.4,20.45,4.85,21.6
4272601345,False,Red,Gold,Sion,3,3,Amumu,0,0,Anivia,5,0,Jhin,10,2,Morgana,9,2,Garen,Kayn,Yone,Zeri,Nautilus,0,16,2,0,0,25.15,0.4,0.5,0.25,55.7,1.15,1.25,1.15,2.15,2.55,2.4,81.75,2.9607911532911535,6.2,6.9,9.5,177.9,18994.8,30855.75,11881.6,1855.85,0.85,1.45,4.0,3.55,5.65,1.9,45.15,2,11,4,2,2,23.45,0.3,0.6,0.4,61.75,1.3,1.4,1.2,2.25,2.45,2.2,98.45,3.685019841269842,7.1,5.85,8.05,212.0,20275.65,19174.0,13177.65,3912.9,1.2,2.35,3.85,3.0,11.05,2.95,13.4,2,10,2,0,0,21.0,0.3,0.7,0.1,50.25,0.85,1.55,0.35,1.6,2.7,1.55,76.45,2.107619047619048,4.55,6.0,7.1,145.7,14337.55,23847.85,10340.15,3119.95,1.55,2.55,0.95,0.8,6.25,1.45,25.1,1,14,1,0,0,21.75,0.35,0.55,0.35,55.8,1.35,1.4,0.9,2.7,2.85,2.15,87.45,3.0947675935175933,6.45,6.8,7.65,163.9,19022.95,20382.35,11271.95,3170.45,1.35,2.0,0.55,0.5,8.85,2.15,15.45,1,12,0,0,0,12.85,0.2,0.3,0.45,29.1,1.05,0.9,1.45,2.2,1.95,3.05,46.4,3.724285714285714,5.15,5.3,9.2,86.3,14916.2,21855.55,9931.55,1890.35,0.65,2.05,2.5,1.9,14.65,3.8,33.55
4272592941,False,Blue,Gold,Teemo,20,20,Amumu,20,0,Kayle,19,3,Lucian,14,2,Senna,16,5,Garen,Hecarim,LeBlanc,Samira,Lux,1,2,0,0,0,21.55,0.35,0.5,0.15,57.95,1.05,1.85,0.25,1.75,2.85,0.4,93.1,1.520456349206349,4.55,6.4,4.9,174.45,21198.4,19616.95,11541.8,4827.55,1.7,2.4,0.1,0.1,3.85,3.9,28.05,2,9,1,0,0,23.65,1.0,0.45,0.5,49.4,2.0,1.45,1.25,3.2,2.8,2.4,69.55,3.0875090187590186,6.8,6.35,9.15,139.1,14896.2,35999.9,11407.2,1040.85,0.7,2.05,2.1,1.95,3.75,3.5,25.2,5,24,3,0,0,25.25,0.7,0.6,0.45,59.85,2.15,1.55,1.05,3.85,3.1,1.55,91.25,2.9281272893772896,11.6,7.5,6.5,165.3,29328.1,21314.3,13301.4,4257.45,1.6,3.1,0.75,0.7,9.15,1.75,32.3,3,22,6,0,0,28.4,0.7,0.4,0.25,68.0,1.65,0.95,0.85,2.75,2.0,1.75,101.15,3.8980952380952374,8.85,5.75,7.6,178.9,23450.7,18791.55,12419.3,3684.9,1.3,2.0,1.5,1.25,6.4,2.15,15.1,2,6,0,0,0,5.65,0.3,0.7,0.75,14.1,0.55,1.7,2.1,1.0,3.1,3.8,23.15,2.6476857864357863,3.95,6.65,12.15,52.7,12539.65,17866.45,8917.1,999.0,0.15,1.65,1.25,1.25,15.05,3.65,32.95
4272506430,True,Blue,Gold,Nasus,6,0,Nunu & Willump,1,0,Yasuo,10,1,Vayne,13,6,Braum,15,0,Kayle,Rammus,Akshan,Lucian,Pyke,1,7,1,1,0,21.5,0.25,0.45,0.4,58.25,1.0,1.35,0.65,1.9,2.35,1.45,93.9,1.9119047619047618,5.7,6.8,6.35,186.0,17374.35,30324.7,12468.3,6759.15,1.9,3.05,0.0,0.0,9.2,2.25,29.7,5,6,1,0,0,14.45,0.75,1.1,0.55,40.65,1.75,2.3,1.55,2.9,3.75,2.5,64.6,2.757214158390629,7.8,9.4,10.2,134.3,24230.5,30674.9,12382.35,2999.4,1.45,2.2,1.85,1.65,13.25,4.15,37.1,6,12,2,0,0,19.5,0.65,0.45,0.5,47.9,1.95,1.15,1.15,3.3,2.0,1.9,73.1,3.4143560606060612,6.4,4.8,4.8,139.05,13255.95,17179.65,10059.75,1682.4,0.55,1.3,1.85,1.7,4.4,2.8,9.45,4,17,2,0,0,28.55,0.6,0.35,0.2,67.25,1.5,1.0,0.75,2.55,2.05,1.65,100.3,3.7989880952380943,7.9,5.7,7.65,175.7,21924.65,18892.35,11924.0,3667.85,1.3,1.95,1.5,1.25,6.35,2.1,14.45,2,6,0,0,0,6.45,0.3,0.65,0.55,16.65,0.55,1.55,1.75,1.0,3.0,3.4,27.05,2.6110191197691197,3.95,6.3,11.15,60.35,12907.55,17414.85,8893.35,1011.0,0.15,1.45,1.15,1.15,14.7,3.6,30.55
4272469908,False,Blue,Gold,Sion,1,1,Rengar,4,4,Katarina,18,11,Xayah,19,12,Karma,19,6,Teemo,Vi,Yasuo,Vayne,Swain,2,6,0,0,0,3.95,0.5,0.7,0.75,11.25,0.95,2.05,1.95,1.95,3.4,3.85,20.1,2.0767460317460316,5.3,9.3,11.3,51.3,20797.4,20106.85,10174.6,1674.05,0.65,2.0,1.75,1.6,20.3,5.4,19.5,1,12,2,1,0,22.45,0.45,0.45,0.4,56.5,1.25,1.1,0.95,2.15,2.75,1.25,85.4,1.893262827858416,6.85,8.45,5.8,162.6,23084.25,31148.9,11622.2,2268.8,0.75,1.4,0.5,0.45,7.7,1.45,18.5,2,31,5,2,1,25.2,0.6,0.15,0.1,58.9,1.9,1.0,0.55,3.95,1.9,1.55,91.55,4.542820512820513,10.85,5.3,5.9,159.8,21588.35,22000.45,12571.25,3352.4,1.1,2.1,2.45,1.9,7.8,3.0,11.55,2,22,6,1,0,27.75,0.8,0.15,0.3,68.55,1.2,0.8,0.75,2.55,1.65,1.55,106.5,3.7251984126984135,8.55,5.25,6.8,232.7,28109.1,18950.3,14360.7,3991.5,1.75,2.25,1.4,1.4,12.9,2.9,16.15,0,1,0,0,0,4.0,0.25,0.2,0.55,11.25,0.45,0.6,2.05,1.2,1.35,3.75,18.85,3.305773809523809,2.3,4.5,10.5,32.6,9936.15,14720.15,7158.55,695.85,0.15,1.6,3.3,2.15,18.0,4.95,19.75
4273172831,True,Blue,Gold,Trundle,20,5,Graves,20,1,Veigar,8,1,Xayah,18,18,Pyke,17,1,Sett,Vi,Ekko,Jinx,Lulu,1,5,1,0,0,22.5,0.35,0.5,0.3,57.9,1.0,0.8,0.35,1.9,1.4,0.75,93.25,3.0495238095238095,4.7,4.35,5.7,179.3,16492.6,26381.2,10779.9,3278.7,1.1,2.05,1.8,1.65,10.35,1.95,18.05,3,19,1,0,0,25.5,0.45,0.4,0.3,54.0,1.45,1.15,0.85,3.0,2.2,1.95,80.1,3.768115079365079,8.35,5.95,6.8,172.9,16446.55,29219.5,12396.85,1073.7,0.45,1.35,1.15,1.1,3.4,3.8,14.25,2,6,1,0,0,18.6,0.3,0.15,0.35,44.5,0.65,0.5,0.85,1.35,0.95,2.2,70.1,4.5263888888888895,4.4,3.45,7.35,128.45,15681.2,12581.8,10359.1,2865.6,0.85,2.5,0.5,0.5,12.45,3.35,15.5,0,12,1,0,0,24.55,0.2,0.45,0.35,59.8,0.65,1.0,1.15,1.25,1.65,2.5,100.5,4.390714285714286,4.8,4.9,7.75,200.25,19297.95,16286.2,11870.35,3415.9,1.25,1.8,0.9,0.8,8.1,2.65,19.45,1,7,1,0,0,4.2,0.15,0.25,0.5,10.75,0.45,1.0,1.2,1.15,1.9,2.4,17.05,2.2653373015873015,3.95,5.8,8.95,50.4,18193.25,15845.1,8940.05,1366.95,0.45,1.65,2.9,2.2,19.75,3.9,16.6
4273122267,False,Blue,Gold,Ekko,1,12,Rengar,20,16,Sylas,11,4,Jhin,12,0,Renata Glasc,17,15,Garen,Vi,Vex,Jinx,Lulu,2,9,3,0,0,16.6,0.6,0.3,0.5,46.2,1.15,0.85,0.75,2.2,1.8,1.55,76.5,4.877896825396826,6.3,5.25,7.05,142.45,17100.75,21606.55,10956.15,3935.3,1.55,2.8,1.75,1.45,9.1,1.65,18.45,3,18,2,2,0,25.45,0.6,0.75,0.5,54.55,1.9,1.15,1.2,3.4,2.55,2.15,78.95,3.2307936507936503,8.35,6.85,6.1,160.8,18579.1,25306.7,12737.15,2315.5,1.1,1.5,0.0,0.0,6.75,3.25,8.4,2,15,2,0,0,22.2,0.75,0.6,0.4,54.85,2.35,1.75,1.1,4.0,2.7,2.05,87.95,2.2885317460317465,8.55,7.55,5.8,159.6,20481.1,24857.5,12055.4,3337.5,1.35,2.05,0.75,0.75,5.6,1.95,15.25,5,19,5,0,0,22.95,0.45,0.4,0.25,56.2,1.15,1.2,1.2,2.8,2.4,1.75,87.6,4.3823931623931625,8.1,6.15,8.4,180.8,22892.15,25014.2,12817.75,3678.8,1.1,2.3,0.9,0.6,7.8,2.6,16.5,0,7,0,0,0,5.7,0.45,0.9,1.05,14.45,1.45,2.2,3.3,2.1,3.0,6.8,23.4,3.359363275613275,4.95,7.15,16.8,63.7,16371.8,22626.3,10690.45,1663.1,0.75,2.15,3.1,2.75,26.1,4.5,32.9
4273029439,False,Blue,Gold,Gwen,16,4,Vi,20,20,Yone,15,0,Lucian,0,0,Senna,18,5,Aatrox,Nidalee,Garen,Vayne,Seraphine,1,8,3,0,0,20.9,0.45,0.85,0.2,54.45,1.4,1.85,0.5,2.2,3.0,1.1,83.45,2.4922348484848484,5.55,5.8,7.7,143.25,16856.8,23010.9,10365.6,3277.85,1.25,2.35,1.5,1.45,11.3,1.75,24.65,2,12,0,0,0,24.75,0.5,0.25,0.25,51.75,1.55,0.7,0.8,3.45,1.85,2.35,70.55,4.124722222222222,7.25,4.9,7.1,144.95,14559.25,23116.95,10892.85,1390.3,0.9,1.9,4.15,3.35,4.3,2.45,24.3,4,14,2,0,0,23.95,0.55,0.4,0.25,54.75,1.55,1.4,0.8,2.95,2.15,1.15,83.7,4.0527056277056275,6.4,5.85,5.8,152.6,19050.8,17677.05,10714.9,2297.95,0.9,1.7,0.75,0.65,8.2,0.85,24.8,2,8,0,0,0,28.65,0.4,0.35,0.25,67.15,1.15,1.05,0.9,1.95,2.3,1.9,99.65,2.3404545454545453,5.35,6.6,7.4,164.5,18045.4,19252.75,11076.3,3311.6,1.05,2.65,0.65,0.65,8.05,0.95,21.5,1,1,0,0,0,7.55,0.1,0.1,0.4,17.35,0.3,0.85,1.3,0.7,2.35,3.45,29.35,2.7308577533577534,1.9,6.3,12.0,58.5,8484.15,19217.05,8711.95,2142.25,0.65,2.95,2.9,2.75,25.35,6.05,27.1
4273073643,False,Blue,Gold,Gangplank,15,13,Vi,20,20,Vex,17,2,Samira,12,4,Senna,17,4,0,Lee Sin,Kai'Sa,Lucian,Morgana,1,15,2,1,0,23.45,0.25,0.6,0.2,59.7,0.75,1.9,0.35,1.4,3.15,0.55,94.45,1.5678376813245232,5.7,8.3,4.5,187.6,17337.75,25633.5,12201.45,3118.45,0.8,1.6,0.75,0.7,5.5,2.05,9.15,2,11,0,0,0,24.95,0.5,0.2,0.3,51.75,1.55,0.6,0.8,3.45,1.75,2.3,71.65,4.283055555555555,7.15,4.7,6.95,149.3,14703.25,22815.05,10981.7,1496.75,1.05,2.0,4.15,3.35,4.25,2.35,24.45,2,10,0,0,0,23.6,0.7,0.45,0.35,54.5,1.8,1.5,0.9,2.5,2.45,1.65,85.1,2.7019336219336214,6.5,6.05,6.55,162.1,19518.65,20401.75,11282.05,2712.4,0.75,1.7,4.25,3.7,8.75,2.8,29.0,3,21,5,0,0,24.05,0.55,0.4,0.45,61.8,1.35,1.35,1.2,2.35,2.55,1.85,99.95,2.5294047619047624,7.25,6.45,5.55,199.5,19739.15,23291.15,12541.8,5044.4,1.75,2.3,4.35,3.8,12.45,2.0,13.4,1,1,0,0,0,8.0,0.1,0.15,0.35,19.0,0.25,0.9,1.25,0.65,2.25,3.25,32.25,2.69734126984127,1.7,6.0,11.55,61.95,8172.25,18891.15,8597.3,2193.35,0.7,2.95,2.9,2.75,24.1,5.8,26.3
4273040132,True,Blue,Gold,Yone,4,15,Vi,20,20,Viktor,19,14,Tristana,17,14,Nami,17,8,Gangplank,Elise,Kai'Sa,Jinx,Nautilus,3,4,0,0,0,24.25,0.35,0.3,0.2,62.5,1.6,0.55,0.4,2.8,1.4,1.15,100.2,3.9313095238095235,6.55,4.8,5.65,219.45,19977.3,24952.95,13144.25,3116.2,1.55,2.15,2.75,2.4,10.5,1.75,18.3,2,10,0,0,0,25.8,0.4,0.2,0.3,52.65,1.45,0.6,0.75,3.1,1.65,2.2,73.4,4.640198412698413,6.5,4.4,6.5,149.5,13677.0,21378.9,10629.6,1399.45,1.0,1.95,4.15,3.3,4.2,2.3,23.2,1,12,2,1,0,25.25,0.25,0.5,0.25,63.9,0.8,1.4,0.45,1.7,2.3,0.85,103.6,2.1471031746031746,5.5,6.05,5.45,199.25,21284.1,17772.8,12065.3,3116.2,1.2,1.8,0.95,0.6,7.85,1.6,12.85,0,24,3,0,0,26.55,0.4,0.3,0.45,62.45,1.25,1.15,1.35,2.75,2.1,2.15,98.05,4.356805555555555,7.45,5.6,6.65,184.05,20268.3,19487.0,12317.7,5762.2,1.65,2.65,0.8,0.8,8.1,1.95,8.7,0,1,0,0,0,8.0,0.05,0.15,0.35,19.05,0.2,0.85,1.2,0.55,2.2,3.0,32.45,2.69109126984127,1.65,6.0,11.55,62.1,8423.8,18984.05,8576.95,2109.3,0.65,2.95,2.85,2.75,24.15,6.1,27.5
4272989924,False,Blue,Gold,Cho'Gath,17,3,Vi,20,20,Yone,14,9,Zeri,7,0,Senna,17,4,Yorick,Shyvana,Anivia,Lucian,Zilean,1,4,2,0,0,19.9,0.4,0.55,0.15,55.75,1.1,1.3,0.65,1.45,2.6,1.15,90.4,2.0837896825396824,3.75,5.55,5.0,164.3,17058.65,24884.75,10822.45,7313.9,2.5,3.0,0.45,0.45,9.9,1.25,18.1,2,10,0,0,0,25.95,0.4,0.2,0.3,52.5,1.35,0.6,0.8,2.95,1.7,2.35,72.75,4.711309523809524,6.4,4.2,6.8,147.8,13082.3,20838.6,10555.4,1355.15,0.95,1.9,4.35,3.45,4.35,2.3,22.4,6,12,0,0,0,22.55,0.65,0.7,0.6,53.5,1.7,1.75,1.0,3.05,2.6,1.9,86.75,3.534761904761905,7.8,5.85,8.0,183.95,24311.85,25869.15,12514.35,2924.2,1.1,2.0,1.3,1.25,9.75,1.5,26.55,2,6,0,0,0,18.95,0.25,0.55,0.4,48.8,0.8,1.75,0.9,1.85,3.1,2.0,76.7,1.8887301587301586,4.65,7.65,7.7,147.5,16828.9,22946.0,10545.1,2784.7,1.1,2.1,0.75,0.5,9.0,2.0,21.55,0,1,0,0,0,8.05,0.05,0.2,0.4,19.2,0.25,0.9,1.2,0.6,2.25,3.0,32.75,2.699424603174603,1.7,6.0,11.6,62.95,8485.7,19131.05,8602.7,2048.75,0.65,2.9,2.8,2.7,24.45,6.0,27.5
4272928532,True,Blue,Gold,Jax,0,0,Shyvana,19,20,Seraphine,0,16,Zeri,12,12,Lux,20,10,Trundle,Vi,Katarina,Caitlyn,Nami,4,34,4,2,0,28.75,0.6,0.4,0.25,65.8,2.0,1.25,0.8,3.35,2.25,1.45,103.5,3.9772222222222218,10.85,5.95,8.05,200.0,27712.2,23119.8,14277.2,3013.9,1.2,2.2,2.3,1.85,9.25,1.85,17.65,1,18,2,0,0,27.45,0.4,0.15,0.15,56.8,1.0,0.5,0.65,2.75,1.2,1.4,81.45,5.5529761904761905,7.85,4.25,7.2,220.95,21223.05,37076.1,14077.0,3262.5,1.65,2.7,1.0,0.85,6.85,2.7,6.1,2,14,5,0,0,20.05,0.6,0.35,0.45,50.45,1.4,0.95,1.8,2.6,2.05,3.25,75.5,5.850797258297257,6.0,5.2,10.55,132.05,18529.1,14350.85,9995.4,2127.4,1.0,2.1,2.45,2.2,10.6,2.9,25.55,3,35,9,4,1,28.95,0.35,0.5,0.45,67.55,1.4,1.1,1.05,3.5,2.55,2.0,102.5,3.600891053391053,10.65,6.5,7.55,212.35,28817.6,27817.2,14614.55,6468.35,2.1,3.15,0.85,0.75,7.75,4.25,16.5,1,3,0,0,0,1.0,0.15,0.35,0.45,3.7,0.75,0.9,1.6,1.35,1.6,4.0,10.7,3.838035714285714,4.0,5.4,11.6,45.15,15521.1,14021.85,9722.0,1579.65,0.5,2.3,4.8,4.0,21.1,6.2,30.8
4273196628,True,Blue,Gold,Singed,19,19,Trundle,20,8,Zed,13,0,Varus,20,0,Pyke,17,2,Illaoi,Master Yi,Jhin,Kai'Sa,Renata Glasc,0,7,2,0,0,27.9,0.4,1.1,0.25,65.6,1.25,2.4,0.75,2.2,3.65,1.3,105.15,1.9482387057387058,5.95,8.8,8.6,181.85,22399.65,33889.1,11749.0,2668.95,1.15,2.0,0.05,0.0,6.1,0.7,35.75,2,19,3,0,0,20.1,0.9,0.3,0.3,43.65,1.6,0.8,0.95,2.85,2.2,1.8,66.1,2.969325396825397,6.4,5.65,6.5,145.5,12636.0,25983.25,10924.25,3506.2,1.4,2.25,1.75,1.65,3.2,3.05,9.9,0,16,2,1,1,25.1,0.25,0.4,0.1,59.0,1.15,1.25,0.75,2.95,2.35,1.25,92.25,2.5505095598845595,9.25,7.45,6.6,190.75,27538.0,28014.65,14235.75,4279.6,1.7,2.5,0.25,0.25,8.7,1.85,22.7,6,15,4,0,0,22.75,0.65,0.6,0.2,56.45,1.6,1.7,1.25,3.15,3.15,2.85,86.7,2.6194805194805197,6.5,6.95,7.15,161.95,17962.9,20280.55,11402.8,3717.9,1.2,2.1,1.0,0.9,8.95,1.85,13.7,1,7,2,0,0,4.45,0.1,0.25,0.5,11.05,0.4,1.0,1.3,1.05,1.9,2.5,17.65,2.2236706349206345,3.75,5.8,8.9,48.75,16313.35,15679.75,8852.5,1200.15,0.45,1.45,2.85,2.2,19.8,4.15,15.2
4271846459,True,Red,Gold,Sylas,14,0,Kayn,5,0,Akali,7,0,Zeri,20,0,Brand,17,15,Malphite,Rek'Sai,Rumble,Jinx,Miss Fortune,4,27,3,1,0,23.75,0.9,0.5,0.15,59.6,2.05,1.1,0.3,3.8,2.15,0.8,92.05,5.723055555555556,11.25,5.75,6.5,190.1,27793.5,32033.3,14211.0,3875.65,1.75,2.45,1.0,0.85,6.1,2.75,14.65,1,10,3,0,0,25.75,0.35,0.4,0.1,62.4,1.25,1.35,0.55,2.6,2.15,1.55,94.4,3.314404761904762,6.05,5.6,4.5,184.9,16924.95,23587.25,11734.7,3366.1,1.2,1.85,1.4,1.2,6.5,1.25,12.4,2,11,4,1,1,22.45,0.8,0.75,0.4,57.75,1.8,1.65,0.85,3.25,2.75,1.6,87.5,4.4105952380952385,8.6,5.15,4.55,165.55,20389.25,23463.3,11710.05,2808.85,1.2,1.5,0.3,0.25,4.95,0.85,11.6,1,15,1,0,0,25.65,0.5,0.15,0.4,62.65,1.55,0.55,0.75,2.9,1.5,1.95,94.45,4.28469696969697,6.6,4.55,6.7,168.85,16274.3,15779.0,10977.25,3343.4,1.2,2.0,0.65,0.45,6.2,2.2,14.2,1,7,2,0,0,4.25,0.25,0.3,0.5,11.4,0.75,1.05,1.4,1.55,2.15,2.85,17.75,2.3586706349206352,4.55,6.25,9.9,51.6,18793.35,17199.1,9433.35,1492.5,0.35,1.95,3.2,2.35,19.15,3.2,22.15
4271215373,True,Blue,Gold,Irelia,1,1,Poppy,14,11,Annie,19,18,Miss Fortune,9,7,Morgana,18,10,Riven,Vi,Veigar,Tristana,Lux,2,18,2,0,0,26.25,0.35,0.4,0.35,62.1,1.35,1.35,1.15,2.55,2.25,1.9,97.75,3.1774350649350653,7.8,6.0,6.75,208.95,21064.55,19132.5,13406.55,4772.35,2.05,2.65,0.4,0.35,7.6,1.55,12.7,3,7,1,0,0,20.6,0.55,0.55,0.55,46.05,1.55,1.45,1.35,3.1,2.35,2.6,64.4,3.4906493506493503,7.15,6.0,10.65,152.55,17336.65,26673.4,12580.25,1999.15,1.2,2.9,2.05,1.75,11.95,3.75,32.45,2,14,2,0,0,27.1,0.35,0.25,0.3,58.25,1.2,1.05,1.2,2.45,1.95,2.0,91.0,3.20625,7.6,5.65,7.8,172.7,20882.25,16262.35,11777.6,2236.2,0.55,1.55,2.3,2.0,11.85,2.95,24.35,2,5,1,0,0,11.1,0.4,0.6,0.4,28.2,0.7,0.85,1.4,1.3,1.65,2.7,45.2,3.447063492063492,4.05,4.6,9.65,90.2,11266.2,13345.65,9604.3,1957.75,0.55,2.2,5.75,5.45,22.35,4.15,18.5,1,3,1,1,0,4.2,0.2,0.35,0.55,10.65,0.55,1.25,2.05,1.1,2.55,4.05,17.75,2.495873015873016,2.9,7.6,12.7,57.9,14586.15,21422.5,9489.5,1195.45,0.35,1.7,3.35,2.35,23.65,4.6,46.45
4270980236,True,Blue,Gold,Jayce,11,0,Master Yi,20,15,Viktor,3,2,Caitlyn,12,0,Teemo,4,0,Yone,Amumu,Akshan,Miss Fortune,Brand,2,15,0,0,0,22.75,0.5,0.7,0.2,55.55,1.55,2.1,0.95,2.5,3.45,1.65,86.3,1.7370032051282056,6.85,9.05,6.65,172.95,21349.85,29673.15,12883.9,4343.0,1.45,2.1,1.25,1.0,9.3,1.3,15.55,2,39,8,3,2,27.9,0.5,0.15,0.25,52.8,1.85,0.8,1.25,4.25,1.55,2.05,72.75,5.430238095238095,10.7,5.1,7.9,137.2,20574.1,26917.7,12151.75,2493.2,1.3,2.3,1.6,1.05,2.75,5.9,13.55,1,5,0,0,0,9.5,0.1,0.05,0.05,19.05,0.45,0.2,0.25,1.0,0.7,0.6,28.25,0.9282467532467532,3.05,2.3,2.55,66.35,7731.5,10842.15,4929.05,965.85,0.5,0.9,0.35,0.35,2.85,1.35,5.9,1,8,0,0,0,19.85,0.25,0.85,0.2,50.15,1.1,1.8,0.85,1.85,2.9,1.75,79.7,2.40827380952381,5.3,6.75,7.9,151.15,20325.1,21269.05,11046.65,2193.15,0.75,1.95,0.95,0.9,10.15,2.05,20.1,0,5,0,0,0,21.75,0.25,0.2,0.2,52.95,0.85,0.45,0.7,1.75,0.95,1.15,84.6,4.6850000000000005,5.6,3.3,5.2,174.75,19636.95,16436.4,11907.95,2645.85,0.85,1.7,1.3,1.3,10.9,2.25,20.7
4270629309,False,Blue,Gold,Illaoi,1,1,Fiddlesticks,9,2,Rumble,1,1,Jhin,18,4,Brand,18,15,Tahm Kench,Sejuani,Ahri,Ashe,Renata Glasc,1,6,0,0,0,7.45,0.3,0.8,0.55,17.8,1.1,1.55,1.9,1.85,2.85,3.3,29.0,3.341924603174603,3.5,7.15,12.3,58.55,14323.6,17886.0,9428.95,1406.2,0.6,1.5,8.3,7.25,26.5,8.1,38.05,0,9,0,0,0,25.85,0.1,0.65,0.15,57.35,1.0,1.55,0.85,2.1,3.0,1.65,85.1,1.7544534632034634,5.2,6.95,5.5,162.9,17636.6,27499.4,10922.4,3837.75,1.5,2.0,1.45,1.2,5.45,1.8,17.45,2,5,0,0,0,4.5,0.25,0.5,0.65,11.65,0.75,1.6,2.0,1.7,2.6,3.95,19.05,3.2963095238095237,4.55,7.15,14.2,38.4,14755.75,20042.1,9477.95,1380.85,0.4,1.4,5.55,5.2,25.65,4.8,39.0,1,17,5,0,0,22.5,0.35,0.75,0.4,52.15,1.4,2.0,1.3,2.7,3.4,2.55,81.45,2.5341857849752585,7.15,7.9,9.35,160.6,16873.5,19189.65,12234.4,3780.4,1.05,2.15,0.7,0.55,11.05,2.75,11.4,1,8,2,0,0,3.3,0.2,0.25,0.5,9.75,0.7,1.1,1.55,1.65,2.3,2.9,15.55,2.4904067460317463,4.8,6.45,10.9,47.25,19505.4,17382.1,9610.45,1686.75,0.35,2.25,3.5,2.55,19.85,3.35,26.85
4270185629,False,Red,Gold,Akali,2,0,Vi,1,0,Irelia,0,0,Ezreal,4,1,Thresh,8,0,Sett,Kayn,Azir,Ashe,Nautilus,1,11,1,1,0,23.9,0.5,0.65,0.5,55.4,1.35,1.2,1.7,2.95,2.25,2.9,82.55,3.670503663003663,6.4,6.15,8.55,162.7,18677.9,26080.85,11518.0,2037.65,1.05,2.3,4.95,4.2,8.65,3.5,22.75,1,8,2,0,0,2.3,0.2,0.2,0.4,7.3,0.7,1.05,1.45,1.6,2.2,2.7,12.2,2.4868353174603177,4.8,6.4,10.75,41.55,19638.0,16804.1,9542.3,1829.15,0.3,2.35,3.55,2.65,20.5,3.55,26.5,1,17,0,0,0,23.5,0.6,0.5,0.15,60.4,1.35,1.25,0.35,2.3,2.4,0.85,97.65,2.7091354478854477,6.85,6.65,4.85,189.0,17483.0,27486.75,12257.95,3625.8,1.5,2.0,0.4,0.35,6.35,1.75,17.75,0,4,1,0,0,14.65,0.0,0.35,0.3,36.75,0.55,0.85,0.85,1.25,1.45,1.3,56.45,1.108968253968254,2.65,3.7,3.25,108.35,9967.9,11120.4,6145.45,1691.0,0.5,1.2,1.2,1.05,4.4,0.95,7.55,1,4,0,0,0,18.6,0.25,0.5,0.65,42.85,0.95,1.65,1.8,1.65,2.75,3.4,69.25,4.501386668886669,4.15,6.05,10.4,119.55,14472.05,17911.6,9872.95,2890.95,1.15,2.0,5.75,5.0,14.15,5.95,23.0
